,motif_type,motif_group,region,category,value
0,ATAGGG,Gs,interstitial,0,0.8896101224012681
1,ATAGGG,Gs,other,0,0.5205165609794655
2,ATAGGG,Gs,telomeric,0,1.3457179858821433
3,CTAGGG,Gs,interstitial,0,0.9779402054765717
4,CTAGGG,Gs,other,0,0.3785574988941567
5,CTAGGG,Gs,telomeric,0,1.3424236942303591
6,GTAGGG,Gs,interstitial,0,1.3467911018349803
7,GTAGGG,Gs,other,0,0.4461570522681132
8,GTAGGG,Gs,telomeric,0,1.4335373387438324
9,TAAGGG,Gs,interstitial,0,0.9964451111487721
10,TAAGGG,Gs,other,0,0.505644659237195
11,TAAGGG,Gs,telomeric,0,1.2932779832487624
12,TCAGGG,canonical,interstitial,0,0.8111260888277193
13,TCAGGG,canonical,other,0,0.5605562964394244
14,TCAGGG,canonical,telomeric,0,1.1353126511512015
15,TGAGGG,canonical,interstitial,0,0.9881960499253499
16,TGAGGG,canonical,other,0,1.4574463707425032
17,TGAGGG,canonical,telomeric,0,1.2849715762793403
18,TTAAGG,other,interstitial,0,1.101675828092461
19,TTAAGG,other,other,0,0.5783517344216282
20,TTAAGG,other,telomeric,0,1.1749783660232946
21,TTACGG,other,interstitial,0,1.3270312323872082
22,TTACGG,other,other,0,
23,TTACGG,other,telomeric,0,1.2818539308708292
24,TTAGAG,other,interstitial,0,0.9155253904330415
25,TTAGAG,other,other,0,
26,TTAGAG,other,telomeric,0,1.3835838664595559
27,TTAGCG,other,interstitial,0,1.404568497881097
28,TTAGCG,other,other,0,
29,TTAGCG,other,telomeric,0,1.4522157786433372
30,TTAGGA,other,interstitial,0,1.031554823428197
31,TTAGGA,other,other,0,0.5205165609794654
32,TTAGGA,other,telomeric,0,1.405614341885476
33,TTAGGC,other,interstitial,0,1.0313340556052761
34,TTAGGC,other,other,0,0.6940220813059539
35,TTAGGC,other,telomeric,0,1.3507606753647614
36,TTAGGG,canonical,interstitial,0,1.0581632233200546
37,TTAGGG,canonical,other,0,0.6892357221245335
38,TTAGGG,canonical,telomeric,0,1.4241405454047316
39,TTAGGG(G{1})TAGGG,regex,interstitial,0,2.237444321822179
40,TTAGGG(G{1})TAGGG,regex,other,0,1.041033121958931
41,TTAGGG(G{1})TAGGG,regex,telomeric,0,1.4223001023259296
42,TTAGGG(G{1})[AC],regex,interstitial,0,1.0090013335909638
43,TTAGGG(G{1})[AC],regex,other,0,
44,TTAGGG(G{1})[AC],regex,telomeric,0,1.425414582374536
45,TTAGGG(G{2})TAGGG,regex,interstitial,0,
46,TTAGGG(G{2})TAGGG,regex,telomeric,0,0.34701104065297694
47,TTAGGG(G{2})[AC],regex,interstitial,0,1.493656218462814
48,TTAGGG(G{2})[AC],regex,telomeric,0,1.6315005251253598
49,TTAGGG(G{3})TAGGG,regex,telomeric,0,
50,TTAGGG(G{3})[AC],regex,interstitial,0,
51,TTAGGG(G{3})[AC],regex,telomeric,0,2.7760883252238155
52,TTAGGG(G{4})[AC],regex,telomeric,0,0.5205165609794655
53,TTAGGG(G{5})[AC],regex,telomeric,0,
54,"TTAGGG(G{6,})TAGGG",regex,telomeric,0,3.6436159268562585
55,"TTAGGG(G{6,})[AC]",regex,interstitial,0,
56,"TTAGGG(G{6,})[AC]",regex,telomeric,0,2.0820662439178617
57,TTAGGT,other,interstitial,0,0.9332238666104332
58,TTAGGT,other,other,0,0.5205165609794655
59,TTAGGT,other,telomeric,0,1.3991361914363316
60,TTAGTG,other,interstitial,0,1.0333026779839882
61,TTAGTG,other,other,0,0.0
62,TTAGTG,other,telomeric,0,1.4428658318105234
63,TTATGG,other,interstitial,0,1.3186419544813124
64,TTATGG,other,other,0,0.7348469096180689
65,TTATGG,other,telomeric,0,1.5327364918372466
66,TTCGGG,Gs,interstitial,0,0.9684872598015135
67,TTCGGG,Gs,other,0,1.3384711568043397
68,TTCGGG,Gs,telomeric,0,1.4206783305324788
69,TTGGGG,canonical,interstitial,0,1.083095066280504
70,TTGGGG,canonical,other,0,0.8007947091991776
71,TTGGGG,canonical,telomeric,0,1.1278148093513056
72,TTTGGG,Gs,interstitial,0,1.08321877788145
73,TTTGGG,Gs,other,0,0.9394689149385473
74,TTTGGG,Gs,telomeric,0,1.2501956142941086
75,ATAGGG,Gs,interstitial,1,0.7409155898353226
76,ATAGGG,Gs,other,1,0.5628502408969993
77,ATAGGG,Gs,telomeric,1,1.3420193095793571
78,CTAGGG,Gs,interstitial,1,1.1626552955902667
79,CTAGGG,Gs,other,1,1.9443917412805427
80,CTAGGG,Gs,telomeric,1,1.4134069266958063
81,GTAGGG,Gs,interstitial,1,1.1178284504527818
82,GTAGGG,Gs,other,1,1.7689578999619977
83,GTAGGG,Gs,telomeric,1,1.5479545500269005
84,TAAGGG,Gs,interstitial,1,0.9307467670698985
85,TAAGGG,Gs,other,1,0.5789316763511992
86,TAAGGG,Gs,telomeric,1,1.2714922235875616
87,TCAGGG,canonical,interstitial,1,1.0254972839779692
88,TCAGGG,canonical,other,1,0.519554068520307
89,TCAGGG,canonical,telomeric,1,1.221032876553601
90,TGAGGG,canonical,interstitial,1,1.042315260920369
91,TGAGGG,canonical,other,1,0.9005603854351988
92,TGAGGG,canonical,telomeric,1,1.4626041597550454
93,TTAAGG,other,interstitial,1,0.8940029069004765
94,TTAAGG,other,other,1,1.313317228759665
95,TTAAGG,other,telomeric,1,1.1376672391151224
96,TTACGG,other,interstitial,1,0.9896267971815371
97,TTACGG,other,other,1,
98,TTACGG,other,telomeric,1,1.2548017957899538
99,TTAGAG,other,interstitial,1,0.9194974028859392
100,TTAGAG,other,other,1,
101,TTAGAG,other,telomeric,1,1.4364979927057606
102,TTAGCG,other,interstitial,1,1.2507783131044425
103,TTAGCG,other,other,1,1.1257004817939986
104,TTAGCG,other,telomeric,1,1.351678503610286
105,TTAGGA,other,interstitial,1,0.9958776644702595
106,TTAGGA,other,other,1,0.5628502408969993
107,TTAGGA,other,telomeric,1,1.3821891991647828
108,TTAGGC,other,interstitial,1,0.8879749142101726
109,TTAGGC,other,other,1,0.844275361345499
110,TTAGGC,other,telomeric,1,1.3324757795455369
111,TTAGGG,canonical,interstitial,1,0.9634457987276689
112,TTAGGG,canonical,other,1,0.9316141918295161
113,TTAGGG,canonical,telomeric,1,1.4530495804561931
114,TTAGGG(G{1})TAGGG,regex,interstitial,1,1.5121349755441766
115,TTAGGG(G{1})TAGGG,regex,other,1,2.2514009635879972
116,TTAGGG(G{1})TAGGG,regex,telomeric,1,1.5973253081776542
117,TTAGGG(G{1})[AC],regex,interstitial,1,0.8226272751571528
118,TTAGGG(G{1})[AC],regex,other,1,
119,TTAGGG(G{1})[AC],regex,telomeric,1,1.5344163490299736
120,TTAGGG(G{2})TAGGG,regex,interstitial,1,
121,TTAGGG(G{2})TAGGG,regex,telomeric,1,1.0006226504835543
122,TTAGGG(G{2})[AC],regex,interstitial,1,0.8809829857518249
123,TTAGGG(G{2})[AC],regex,telomeric,1,1.7575165624847011
124,TTAGGG(G{3})TAGGG,regex,telomeric,1,
125,TTAGGG(G{3})[AC],regex,interstitial,1,
126,TTAGGG(G{3})[AC],regex,telomeric,1,2.2514009635879972
127,TTAGGG(G{4})[AC],regex,telomeric,1,0.5628502408969993
128,TTAGGG(G{5})[AC],regex,telomeric,1,
129,"TTAGGG(G{6,})TAGGG",regex,telomeric,1,3.377101445381996
130,"TTAGGG(G{6,})[AC]",regex,interstitial,1,
131,"TTAGGG(G{6,})[AC]",regex,telomeric,1,2.101307566015464
132,TTAGGT,other,interstitial,1,0.8961887330787175
133,TTAGGT,other,other,1,0.0
134,TTAGGT,other,telomeric,1,1.275793879366532
135,TTAGTG,other,interstitial,1,1.0114586012158946
136,TTAGTG,other,other,1,0.0
137,TTAGTG,other,telomeric,1,1.4002981983199878
138,TTATGG,other,interstitial,1,1.0664530880153666
139,TTATGG,other,other,1,0.7946121047957637
140,TTATGG,other,telomeric,1,1.4089156537220568
141,TTCGGG,Gs,interstitial,1,0.839372484682633
142,TTCGGG,Gs,other,1,2.0101794317749975
143,TTCGGG,Gs,telomeric,1,1.6000903591896272
144,TTGGGG,canonical,interstitial,1,1.0372616111704525
145,TTGGGG,canonical,other,1,1.4720698608075367
146,TTGGGG,canonical,telomeric,1,1.1073079097340095
147,TTTGGG,Gs,interstitial,1,1.1065709311229888
148,TTTGGG,Gs,other,1,0.9335077166096574
149,TTTGGG,Gs,telomeric,1,1.2420891402923069
150,ATAGGG,Gs,interstitial,2,0.9157867431004575
151,ATAGGG,Gs,other,2,1.8517746643575435
152,ATAGGG,Gs,telomeric,2,1.385118397264615
153,CTAGGG,Gs,interstitial,2,1.077863788218217
154,CTAGGG,Gs,other,2,2.609318845231084
155,CTAGGG,Gs,telomeric,2,1.571296860725011
156,GTAGGG,Gs,interstitial,2,1.439549768212683
157,GTAGGG,Gs,other,2,1.7195050454748617
158,GTAGGG,Gs,telomeric,2,1.6713581019044559
159,TAAGGG,Gs,interstitial,2,0.9707161415580048
160,TAAGGG,Gs,other,2,1.111064798614526
161,TAAGGG,Gs,telomeric,2,1.4254898543737964
162,TCAGGG,canonical,interstitial,2,0.8752895455751999
163,TCAGGG,canonical,other,2,2.065440971783414
164,TCAGGG,canonical,telomeric,2,1.4113941012472808
165,TGAGGG,canonical,interstitial,2,1.0414644888704976
166,TGAGGG,canonical,other,2,3.425783129061455
167,TGAGGG,canonical,telomeric,2,1.5779511065675726
168,TTAAGG,other,interstitial,2,0.882739184659761
169,TTAAGG,other,other,2,1.7488982941154576
170,TTAAGG,other,telomeric,2,1.2883681499085842
171,TTACGG,other,interstitial,2,1.3023470166910192
172,TTACGG,other,other,2,
173,TTACGG,other,telomeric,2,1.5399513502475461
174,TTAGAG,other,interstitial,2,0.7735918457643197
175,TTAGAG,other,other,2,
176,TTAGAG,other,telomeric,2,1.7813215408807015
177,TTAGCG,other,interstitial,2,1.2051231942644325
178,TTAGCG,other,other,2,1.8517746643575435
179,TTAGCG,other,telomeric,2,1.4526890103619015
180,TTAGGA,other,interstitial,2,0.9427471925522851
181,TTAGGA,other,other,2,1.8517746643575435
182,TTAGGA,other,telomeric,2,1.5895375876803277
183,TTAGGC,other,interstitial,2,0.9718941561379654
184,TTAGGC,other,other,2,1.5431455536312861
185,TTAGGC,other,telomeric,2,1.4038373901228278
186,TTAGGG,canonical,interstitial,2,1.0571238099016738
187,TTAGGG,canonical,other,2,1.5580448900111743
188,TTAGGG,canonical,telomeric,2,1.5298842868326363
189,TTAGGG(G{1})TAGGG,regex,interstitial,2,2.3492663652297185
190,TTAGGG(G{1})TAGGG,regex,other,2,0.9258873321787717
191,TTAGGG(G{1})TAGGG,regex,telomeric,2,1.6104529660769058
192,TTAGGG(G{1})[AC],regex,interstitial,2,1.025598275644178
193,TTAGGG(G{1})[AC],regex,other,2,
194,TTAGGG(G{1})[AC],regex,telomeric,2,1.5383974134662668
195,TTAGGG(G{2})TAGGG,regex,interstitial,2,
196,TTAGGG(G{2})TAGGG,regex,telomeric,2,0.41150548096834294
197,TTAGGG(G{2})[AC],regex,interstitial,2,1.0063992741073604
198,TTAGGG(G{2})[AC],regex,telomeric,2,1.8243274114273424
199,TTAGGG(G{3})TAGGG,regex,telomeric,2,
200,TTAGGG(G{3})[AC],regex,interstitial,2,
201,TTAGGG(G{3})[AC],regex,telomeric,2,1.5431455536312861
202,TTAGGG(G{4})[AC],regex,telomeric,2,1.3888309982681577
203,TTAGGG(G{5})[AC],regex,telomeric,2,
204,"TTAGGG(G{6,})TAGGG",regex,telomeric,2,4.166492994804473
205,"TTAGGG(G{6,})[AC]",regex,interstitial,2,
206,"TTAGGG(G{6,})[AC]",regex,telomeric,2,2.592484530100561
207,TTAGGT,other,interstitial,2,0.9828189157107999
208,TTAGGT,other,other,2,1.8517746643575435
209,TTAGGT,other,telomeric,2,1.7718941886401596
210,TTAGTG,other,interstitial,2,1.1527755645691145
211,TTAGTG,other,other,2,1.8517746643575435
212,TTAGTG,other,telomeric,2,1.7653224916155488
213,TTATGG,other,interstitial,2,1.390455362008822
214,TTATGG,other,other,2,2.069630507223137
215,TTATGG,other,telomeric,2,1.6726297112258246
216,TTCGGG,Gs,interstitial,2,1.0484786862651594
217,TTCGGG,Gs,other,2,2.4469879493296105
218,TTCGGG,Gs,telomeric,2,1.5866683672026436
219,TTGGGG,canonical,interstitial,2,1.192950232706207
220,TTGGGG,canonical,other,2,1.8280339635324467
221,TTGGGG,canonical,telomeric,2,1.5134043689030805
222,TTTGGG,Gs,interstitial,2,1.2829288524307163
223,TTTGGG,Gs,other,2,1.9195225179315998
224,TTTGGG,Gs,telomeric,2,1.2938984706813779
225,ATAGGG,Gs,interstitial,3,0.7394349612954059
226,ATAGGG,Gs,other,3,1.4878874221188048
227,ATAGGG,Gs,telomeric,3,1.3780733831483012
228,CTAGGG,Gs,interstitial,3,1.1948186874590403
229,CTAGGG,Gs,other,3,0.9468374504392394
230,CTAGGG,Gs,telomeric,3,1.678120480475112
231,GTAGGG,Gs,interstitial,3,1.2786351894820494
232,GTAGGG,Gs,other,3,1.8421463321470917
233,GTAGGG,Gs,telomeric,3,1.8255712736878142
234,TAAGGG,Gs,interstitial,3,0.88478966504644
235,TAAGGG,Gs,other,3,2.182234885774247
236,TAAGGG,Gs,telomeric,3,1.4053931413254985
237,TCAGGG,canonical,interstitial,3,0.9673363859859723
238,TCAGGG,canonical,other,3,1.2208307053282503
239,TCAGGG,canonical,telomeric,3,1.4376568639115448
240,TGAGGG,canonical,interstitial,3,0.9130063651044514
241,TGAGGG,canonical,other,3,1.9838498961584063
242,TGAGGG,canonical,telomeric,3,1.771459945108686
243,TTAAGG,other,interstitial,3,0.9129561658049365
244,TTAAGG,other,other,3,2.3144915455181407
245,TTAAGG,other,telomeric,3,1.294447512889283
246,TTACGG,other,interstitial,3,1.3298334468754156
247,TTACGG,other,other,3,
248,TTACGG,other,telomeric,3,1.405342618747179
249,TTAGAG,other,interstitial,3,0.900148714565333
250,TTAGAG,other,other,3,
251,TTAGAG,other,telomeric,3,1.788014842141741
252,TTAGCG,other,interstitial,3,1.0234146289706065
253,TTAGCG,other,other,3,1.9838498961584066
254,TTAGCG,other,telomeric,3,1.4141679476104758
255,TTAGGA,other,interstitial,3,0.8865611447930962
256,TTAGGA,other,other,3,1.9838498961584063
257,TTAGGA,other,telomeric,3,1.556945488124319
258,TTAGGC,other,interstitial,3,0.8563824085901197
259,TTAGGC,other,other,3,0.9092645357392697
260,TTAGGC,other,telomeric,3,1.295646298792239
261,TTAGGG,canonical,interstitial,3,1.0268416979699309
262,TTAGGG,canonical,other,3,1.5118304381069234
263,TTAGGG,canonical,telomeric,3,1.5606998816278033
264,TTAGGG(G{1})TAGGG,regex,interstitial,3,1.6433383468177845
265,TTAGGG(G{1})TAGGG,regex,other,3,1.9838498961584066
266,TTAGGG(G{1})TAGGG,regex,telomeric,3,1.8131494201122356
267,TTAGGG(G{1})[AC],regex,interstitial,3,1.0911174428871238
268,TTAGGG(G{1})[AC],regex,other,3,
269,TTAGGG(G{1})[AC],regex,telomeric,3,1.6816942965896644
270,TTAGGG(G{2})TAGGG,regex,interstitial,3,
271,TTAGGG(G{2})TAGGG,regex,telomeric,3,0.7714971818393802
272,TTAGGG(G{2})[AC],regex,interstitial,3,1.5957053512578487
273,TTAGGG(G{2})[AC],regex,telomeric,3,2.240652600107765
274,TTAGGG(G{3})TAGGG,regex,telomeric,3,
275,TTAGGG(G{3})[AC],regex,interstitial,3,
276,TTAGGG(G{3})[AC],regex,telomeric,3,0.0
277,TTAGGG(G{4})[AC],regex,telomeric,3,2.479812370198008
278,TTAGGG(G{5})[AC],regex,telomeric,3,
279,"TTAGGG(G{6,})TAGGG",regex,telomeric,3,5.207605977415818
280,"TTAGGG(G{6,})[AC]",regex,interstitial,3,
281,"TTAGGG(G{6,})[AC]",regex,telomeric,3,2.0499782260303534
282,TTAGGT,other,interstitial,3,0.8378395192513656
283,TTAGGT,other,other,3,1.4878874221188048
284,TTAGGT,other,telomeric,3,1.6516669649703584
285,TTAGTG,other,interstitial,3,1.212898327601797
286,TTAGTG,other,other,3,3.967699792316813
287,TTAGTG,other,telomeric,3,1.6648130933497725
288,TTATGG,other,interstitial,3,1.259918705981304
289,TTATGG,other,other,3,2.158895475231207
290,TTATGG,other,telomeric,3,1.5671800301395764
291,TTCGGG,Gs,interstitial,3,0.97810021012688
292,TTCGGG,Gs,other,3,1.9838498961584066
293,TTCGGG,Gs,telomeric,3,1.7220027010711845
294,TTGGGG,canonical,interstitial,3,1.0531548831458204
295,TTGGGG,canonical,other,3,0.9410570020238596
296,TTGGGG,canonical,telomeric,3,1.4561352397194702
297,TTTGGG,Gs,interstitial,3,1.138444580932732
298,TTTGGG,Gs,other,3,1.403210902160824
299,TTTGGG,Gs,telomeric,3,1.3050046198889371
300,ATAGGG,Gs,interstitial,4,1.3214317638538835
301,ATAGGG,Gs,other,4,
302,ATAGGG,Gs,telomeric,4,1.400831938622658
303,CTAGGG,Gs,interstitial,4,0.8050524630561435
304,CTAGGG,Gs,other,4,0.4059888227670229
305,CTAGGG,Gs,telomeric,4,1.2957779676703263
306,GTAGGG,Gs,interstitial,4,1.1403026145531259
307,GTAGGG,Gs,other,4,0.5074860284587787
308,GTAGGG,Gs,telomeric,4,1.3294723153093995
309,TAAGGG,Gs,interstitial,4,0.9332658984894895
310,TAAGGG,Gs,other,4,0.4929864276456707
311,TAAGGG,Gs,telomeric,4,1.3387131440378126
312,TCAGGG,canonical,interstitial,4,0.8170584136885809
313,TCAGGG,canonical,other,4,0.7104804398422901
314,TCAGGG,canonical,telomeric,4,1.198890617587006
315,TGAGGG,canonical,interstitial,4,1.0698563037120328
316,TGAGGG,canonical,other,4,0.9473072531230535
317,TGAGGG,canonical,telomeric,4,1.1447176758439117
318,TTAAGG,other,interstitial,4,1.074096642757415
319,TTAAGG,other,other,4,0.5638733649541985
320,TTAAGG,other,telomeric,4,1.2902968469236824
321,TTACGG,other,interstitial,4,0.9198184265815363
322,TTACGG,other,other,4,
323,TTACGG,other,telomeric,4,1.340104077549816
324,TTAGAG,other,interstitial,4,1.0990664045562961
325,TTAGAG,other,other,4,
326,TTAGAG,other,telomeric,4,1.3722294807175133
327,TTAGCG,other,interstitial,4,0.9081328930314991
328,TTAGCG,other,other,4,
329,TTAGCG,other,telomeric,4,1.5793428711298885
330,TTAGGA,other,interstitial,4,1.052026592328833
331,TTAGGA,other,other,4,0.4684486416542572
332,TTAGGA,other,telomeric,4,1.368982331774998
333,TTAGGC,other,interstitial,4,1.199170689469262
334,TTAGGC,other,other,4,1.0149720569175573
335,TTAGGC,other,telomeric,4,1.4446830980432548
336,TTAGGG,canonical,interstitial,4,1.0189392383784572
337,TTAGGG,canonical,other,4,0.8086084436853568
338,TTAGGG,canonical,telomeric,4,1.3908377597329642
339,TTAGGG(G{1})TAGGG,regex,interstitial,4,1.014972056917557
340,TTAGGG(G{1})TAGGG,regex,other,4,
341,TTAGGG(G{1})TAGGG,regex,telomeric,4,1.2943561584493324
342,TTAGGG(G{1})[AC],regex,interstitial,4,1.0930468305266001
343,TTAGGG(G{1})[AC],regex,other,4,
344,TTAGGG(G{1})[AC],regex,telomeric,4,1.2546182370230916
345,TTAGGG(G{2})TAGGG,regex,interstitial,4,3.044916170752672
346,TTAGGG(G{2})TAGGG,regex,telomeric,4,0.33832401897251907
347,TTAGGG(G{2})[AC],regex,interstitial,4,1.3397631151311757
348,TTAGGG(G{2})[AC],regex,telomeric,4,1.2576138142744109
349,TTAGGG(G{3})TAGGG,regex,telomeric,4,
350,TTAGGG(G{3})[AC],regex,interstitial,4,
351,TTAGGG(G{3})[AC],regex,telomeric,4,2.0299441138351146
352,TTAGGG(G{4})[AC],regex,telomeric,4,1.0149720569175573
353,TTAGGG(G{5})[AC],regex,telomeric,4,4.059888227670229
354,"TTAGGG(G{6,})TAGGG",regex,telomeric,4,2.368268132807634
355,"TTAGGG(G{6,})[AC]",regex,interstitial,4,
356,"TTAGGG(G{6,})[AC]",regex,telomeric,4,3.044916170752672
357,TTAGGT,other,interstitial,4,0.9694733095384946
358,TTAGGT,other,other,4,
359,TTAGGT,other,telomeric,4,1.517612153593226
360,TTAGTG,other,interstitial,4,1.0382749867957666
361,TTAGTG,other,other,4,0.0
362,TTAGTG,other,telomeric,4,1.531346805177819
363,TTATGG,other,interstitial,4,0.992967242675442
364,TTATGG,other,other,4,1.0149720569175573
365,TTATGG,other,telomeric,4,1.6605020403954953
366,TTCGGG,Gs,interstitial,4,1.1531810178595223
367,TTCGGG,Gs,other,4,1.141843564032252
368,TTCGGG,Gs,telomeric,4,1.2692240842146083
369,TTGGGG,canonical,interstitial,4,0.9188272429322026
370,TTGGGG,canonical,other,4,1.014972056917557
371,TTGGGG,canonical,telomeric,4,1.2074859805657794
372,TTTGGG,Gs,interstitial,4,0.9606632072608513
373,TTTGGG,Gs,other,4,1.1735614408109256
374,TTTGGG,Gs,telomeric,4,1.261281586169522
375,ATAGGG,Gs,interstitial,5,1.1005600881655786
376,ATAGGG,Gs,other,5,
377,ATAGGG,Gs,telomeric,5,1.3969817828322728
378,CTAGGG,Gs,interstitial,5,0.9571122080455626
379,CTAGGG,Gs,other,5,2.085287747162349
380,CTAGGG,Gs,telomeric,5,1.364294717708384
381,GTAGGG,Gs,interstitial,5,0.9464442577148525
382,GTAGGG,Gs,other,5,2.012119756033846
383,GTAGGG,Gs,telomeric,5,1.435583618227424
384,TAAGGG,Gs,interstitial,5,0.871733132228682
385,TAAGGG,Gs,other,5,0.5644387887055983
386,TAAGGG,Gs,telomeric,5,1.3161620118071107
387,TCAGGG,canonical,interstitial,5,1.0329974533305306
388,TCAGGG,canonical,other,5,0.6585119201565314
389,TCAGGG,canonical,telomeric,5,1.2894112101904378
390,TGAGGG,canonical,interstitial,5,1.1284476925759293
391,TGAGGG,canonical,other,5,0.5853439290280278
392,TGAGGG,canonical,telomeric,5,1.3029617661133877
393,TTAAGG,other,interstitial,5,0.8716225739288713
394,TTAAGG,other,other,5,1.2804398447488108
395,TTAAGG,other,telomeric,5,1.249323812187969
396,TTACGG,other,interstitial,5,0.6859499168297202
397,TTACGG,other,other,5,
398,TTACGG,other,telomeric,5,1.3118226363846117
399,TTAGAG,other,interstitial,5,1.1038347108109094
400,TTAGAG,other,other,5,
401,TTAGAG,other,telomeric,5,1.4247093670053264
402,TTAGCG,other,interstitial,5,0.8086988493150387
403,TTAGCG,other,other,5,1.097519866927552
404,TTAGCG,other,telomeric,5,1.4700045545096065
405,TTAGGA,other,interstitial,5,1.0156414006647028
406,TTAGGA,other,other,5,0.5065476308896394
407,TTAGGA,other,telomeric,5,1.3461676766108226
408,TTAGGC,other,interstitial,5,1.0324816525911045
409,TTAGGC,other,other,5,1.2347098502934963
410,TTAGGC,other,telomeric,5,1.4251267988251257
411,TTAGGG,canonical,interstitial,5,0.9277327984376283
412,TTAGGG,canonical,other,5,1.0929658425834543
413,TTAGGG,canonical,telomeric,5,1.4190707720411628
414,TTAGGG(G{1})TAGGG,regex,interstitial,5,0.68594991682972
415,TTAGGG(G{1})TAGGG,regex,other,5,
416,TTAGGG(G{1})TAGGG,regex,telomeric,5,1.4536368564592432
417,TTAGGG(G{1})[AC],regex,interstitial,5,0.8911486098984398
418,TTAGGG(G{1})[AC],regex,other,5,
419,TTAGGG(G{1})[AC],regex,telomeric,5,1.3505591695802934
420,TTAGGG(G{2})TAGGG,regex,interstitial,5,1.097519866927552
421,TTAGGG(G{2})TAGGG,regex,telomeric,5,0.975573215046713
422,TTAGGG(G{2})[AC],regex,interstitial,5,0.7902143041878374
423,TTAGGG(G{2})[AC],regex,telomeric,5,1.3547510857386973
424,TTAGGG(G{3})TAGGG,regex,telomeric,5,
425,TTAGGG(G{3})[AC],regex,interstitial,5,0.548759933463776
426,TTAGGG(G{3})[AC],regex,telomeric,5,1.6462798003913284
427,TTAGGG(G{4})[AC],regex,telomeric,5,1.097519866927552
428,TTAGGG(G{5})[AC],regex,telomeric,5,1.097519866927552
429,"TTAGGG(G{6,})TAGGG",regex,telomeric,5,2.1950397338551046
430,"TTAGGG(G{6,})[AC]",regex,interstitial,5,
431,"TTAGGG(G{6,})[AC]",regex,telomeric,5,3.0730556273971463
432,TTAGGT,other,interstitial,5,0.930999611255786
433,TTAGGT,other,other,5,
434,TTAGGT,other,telomeric,5,1.3838254693553933
435,TTAGTG,other,interstitial,5,1.0163257951395444
436,TTAGTG,other,other,5,0.0
437,TTAGTG,other,telomeric,5,1.4861687933955896
438,TTATGG,other,interstitial,5,0.8030633172640622
439,TTATGG,other,other,5,1.097519866927552
440,TTATGG,other,telomeric,5,1.5263597690861588
441,TTCGGG,Gs,interstitial,5,0.999443623499984
442,TTCGGG,Gs,other,5,1.7148747920743004
443,TTCGGG,Gs,telomeric,5,1.4295095358017424
444,TTGGGG,canonical,interstitial,5,0.8799451276831256
445,TTGGGG,canonical,other,5,1.8657837737768384
446,TTGGGG,canonical,telomeric,5,1.1855304311374142
447,TTTGGG,Gs,interstitial,5,0.9813732936141722
448,TTTGGG,Gs,other,5,1.1661148586105243
449,TTTGGG,Gs,telomeric,5,1.2531032289026012
450,ATAGGG,Gs,interstitial,6,1.3603146600701446
451,ATAGGG,Gs,other,6,
452,ATAGGG,Gs,telomeric,6,1.4418459959797483
453,CTAGGG,Gs,interstitial,6,0.8873107912781169
454,CTAGGG,Gs,other,6,2.798397308978859
455,CTAGGG,Gs,telomeric,6,1.5166983878099172
456,GTAGGG,Gs,interstitial,6,1.218839627196617
457,GTAGGG,Gs,other,6,1.955869086920708
458,GTAGGG,Gs,telomeric,6,1.5500289147662778
459,TAAGGG,Gs,interstitial,6,0.9091682641555184
460,TAAGGG,Gs,other,6,1.0832505712176228
461,TAAGGG,Gs,telomeric,6,1.4755698538600128
462,TCAGGG,canonical,interstitial,6,0.8816911420756557
463,TCAGGG,canonical,other,6,2.6178555471092553
464,TCAGGG,canonical,telomeric,6,1.49043274025637
465,TGAGGG,canonical,interstitial,6,1.1275266163981348
466,TGAGGG,canonical,other,6,2.2266817297251134
467,TGAGGG,canonical,telomeric,6,1.4057186607470034
468,TTAAGG,other,interstitial,6,0.8606408259997617
469,TTAAGG,other,other,6,1.7051166398795914
470,TTAAGG,other,telomeric,6,1.4148152932638647
471,TTACGG,other,interstitial,6,0.902708809348019
472,TTACGG,other,other,6,
473,TTACGG,other,telomeric,6,1.609929988117373
474,TTAGAG,other,interstitial,6,0.928678567959872
475,TTAGAG,other,other,6,
476,TTAGAG,other,telomeric,6,1.7667031195503595
477,TTAGCG,other,interstitial,6,0.7791802354372376
478,TTAGCG,other,other,6,1.805417618696038
479,TTAGCG,other,telomeric,6,1.5798575295932507
480,TTAGGA,other,interstitial,6,0.9614565255119377
481,TTAGGA,other,other,6,1.6665393403348043
482,TTAGGA,other,telomeric,6,1.5481123152938892
483,TTAGGC,other,interstitial,6,1.130057694665298
484,TTAGGC,other,other,6,2.256772023370048
485,TTAGGC,other,telomeric,6,1.5014503952477987
486,TTAGGG,canonical,interstitial,6,1.0179383539274154
487,TTAGGG,canonical,other,6,1.827891696937067
488,TTAGGG,canonical,telomeric,6,1.4941087387862093
489,TTAGGG(G{1})TAGGG,regex,interstitial,6,1.0656978999247446
490,TTAGGG(G{1})TAGGG,regex,other,6,
491,TTAGGG(G{1})TAGGG,regex,telomeric,6,1.4655836072329549
492,TTAGGG(G{1})[AC],regex,interstitial,6,1.1110262268898696
493,TTAGGG(G{1})[AC],regex,other,6,
494,TTAGGG(G{1})[AC],regex,telomeric,6,1.3540632140220286
495,TTAGGG(G{2})TAGGG,regex,interstitial,6,2.708126428044057
496,TTAGGG(G{2})TAGGG,regex,telomeric,6,0.4012039152657862
497,TTAGGG(G{2})[AC],regex,interstitial,6,0.902708809348019
498,TTAGGG(G{2})[AC],regex,telomeric,6,1.4062510670624608
499,TTAGGG(G{3})TAGGG,regex,telomeric,6,
500,TTAGGG(G{3})[AC],regex,interstitial,6,0.0
501,TTAGGG(G{3})[AC],regex,telomeric,6,1.1283860116850237
502,TTAGGG(G{4})[AC],regex,telomeric,6,2.708126428044057
503,TTAGGG(G{5})[AC],regex,telomeric,6,1.805417618696038
504,"TTAGGG(G{6,})TAGGG",regex,telomeric,6,2.708126428044057
505,"TTAGGG(G{6,})[AC]",regex,interstitial,6,
506,"TTAGGG(G{6,})[AC]",regex,telomeric,6,3.79137699926168
507,TTAGGT,other,interstitial,6,1.0209947912625874
508,TTAGGT,other,other,6,
509,TTAGGT,other,telomeric,6,1.9219345279039486
510,TTAGTG,other,interstitial,6,1.1583227834236063
511,TTAGTG,other,other,6,1.805417618696038
512,TTAGTG,other,telomeric,6,1.8735774997539874
513,TTATGG,other,interstitial,6,1.0470443642302225
514,TTATGG,other,other,6,2.8585778962687267
515,TTATGG,other,telomeric,6,1.8120564513913384
516,TTCGGG,Gs,interstitial,6,1.2484270767578989
517,TTCGGG,Gs,other,6,2.087514121617294
518,TTCGGG,Gs,telomeric,6,1.4175184220345396
519,TTGGGG,canonical,interstitial,6,1.012021204230006
520,TTGGGG,canonical,other,6,2.316952610659915
521,TTGGGG,canonical,telomeric,6,1.6203143842636358
522,TTTGGG,Gs,interstitial,6,1.1377780474541026
523,TTTGGG,Gs,other,6,2.3978202748306754
524,TTTGGG,Gs,telomeric,6,1.3053719728210516
525,ATAGGG,Gs,interstitial,7,1.098360754396946
526,ATAGGG,Gs,other,7,
527,ATAGGG,Gs,telomeric,7,1.4345124529300797
528,CTAGGG,Gs,interstitial,7,0.9835895097243272
529,CTAGGG,Gs,other,7,1.0154479120833229
530,CTAGGG,Gs,telomeric,7,1.6198101650333758
531,GTAGGG,Gs,interstitial,7,1.082596289535526
532,GTAGGG,Gs,other,7,2.095368707473524
533,GTAGGG,Gs,telomeric,7,1.693047263155921
534,TAAGGG,Gs,interstitial,7,0.8286899222896525
535,TAAGGG,Gs,other,7,2.1276051491269623
536,TAAGGG,Gs,telomeric,7,1.454767107460411
537,TCAGGG,canonical,interstitial,7,0.974411184553596
538,TCAGGG,canonical,other,7,1.5473491993650637
539,TCAGGG,canonical,telomeric,7,1.5181662282239126
540,TGAGGG,canonical,interstitial,7,0.9884532680635539
541,TGAGGG,canonical,other,7,1.289457666137553
542,TGAGGG,canonical,telomeric,7,1.5781061220723607
543,TTAAGG,other,interstitial,7,0.890101359828932
544,TTAAGG,other,other,7,2.2565509157407173
545,TTAAGG,other,telomeric,7,1.4214913165100194
546,TTACGG,other,interstitial,7,0.9217607535280168
547,TTACGG,other,other,7,
548,TTACGG,other,telomeric,7,1.4692043519016282
549,TTAGAG,other,interstitial,7,1.0806070717660212
550,TTAGAG,other,other,7,
551,TTAGAG,other,telomeric,7,1.7733414922116606
552,TTAGCG,other,interstitial,7,0.6616953813074289
553,TTAGCG,other,other,7,1.9341864992063296
554,TTAGCG,other,telomeric,7,1.5379643297399574
555,TTAGGA,other,interstitial,7,0.9041554349464503
556,TTAGGA,other,other,7,1.7854029223443038
557,TTAGGA,other,telomeric,7,1.5163696052787239
558,TTAGGC,other,interstitial,7,0.9957478644062216
559,TTAGGC,other,other,7,1.3297532182043517
560,TTAGGC,other,telomeric,7,1.3857364543145183
561,TTAGGG,canonical,interstitial,7,0.9887787390511682
562,TTAGGG,canonical,other,7,1.7736730967825671
563,TTAGGG,canonical,telomeric,7,1.5242037269304927
564,TTAGGG(G{1})TAGGG,regex,interstitial,7,0.7454677132357729
565,TTAGGG(G{1})TAGGG,regex,other,7,
566,TTAGGG(G{1})TAGGG,regex,telomeric,7,1.6500463680437174
567,TTAGGG(G{1})[AC],regex,interstitial,7,1.1820028606260904
568,TTAGGG(G{1})[AC],regex,other,7,
569,TTAGGG(G{1})[AC],regex,telomeric,7,1.480189945920399
570,TTAGGG(G{2})TAGGG,regex,interstitial,7,0.9670932496031648
571,TTAGGG(G{2})TAGGG,regex,telomeric,7,0.7521836385802391
572,TTAGGG(G{2})[AC],regex,interstitial,7,1.4312980094126837
573,TTAGGG(G{2})[AC],regex,telomeric,7,1.7271681004631518
574,TTAGGG(G{3})TAGGG,regex,telomeric,7,
575,TTAGGG(G{3})[AC],regex,interstitial,7,
576,TTAGGG(G{3})[AC],regex,telomeric,7,0.0
577,TTAGGG(G{4})[AC],regex,telomeric,7,4.835466248015823
578,TTAGGG(G{5})[AC],regex,telomeric,7,4.835466248015823
579,"TTAGGG(G{6,})TAGGG",regex,telomeric,7,3.3848263736110766
580,"TTAGGG(G{6,})[AC]",regex,interstitial,7,
581,"TTAGGG(G{6,})[AC]",regex,telomeric,7,2.9979890737698107
582,TTAGGT,other,interstitial,7,0.8703839246428481
583,TTAGGT,other,other,7,
584,TTAGGT,other,telomeric,7,1.7915267113162348
585,TTAGTG,other,interstitial,7,1.2187348604692934
586,TTAGTG,other,other,7,3.868372998412659
587,TTAGTG,other,telomeric,7,1.766904555859053
588,TTATGG,other,interstitial,7,0.9487473071987685
589,TTATGG,other,other,7,2.981870852943091
590,TTATGG,other,telomeric,7,1.6978167164236644
591,TTCGGG,Gs,interstitial,7,1.1646271899476415
592,TTCGGG,Gs,other,7,1.6924131868055383
593,TTCGGG,Gs,telomeric,7,1.5384251693787554
594,TTGGGG,canonical,interstitial,7,0.8934279434810483
595,TTGGGG,canonical,other,7,1.1927483411772364
596,TTGGGG,canonical,telomeric,7,1.5589996453233
597,TTTGGG,Gs,interstitial,7,1.009640752855622
598,TTTGGG,Gs,other,7,1.752856514905736
599,TTTGGG,Gs,telomeric,7,1.316576604583142
600,ATAGGG,Gs,interstitial,8,1.3189319471725895
601,ATAGGG,Gs,other,8,0.5009135161070366
602,ATAGGG,Gs,telomeric,8,1.824590823224275
603,CTAGGG,Gs,interstitial,8,0.9705199374573839
604,CTAGGG,Gs,other,8,0.38164839322440886
605,CTAGGG,Gs,telomeric,8,1.973056391523086
606,GTAGGG,Gs,interstitial,8,1.123260611876385
607,GTAGGG,Gs,other,8,0.30054810966422196
608,GTAGGG,Gs,telomeric,8,2.1440279003291653
609,TAAGGG,Gs,interstitial,8,1.093288948106229
610,TAAGGG,Gs,other,8,0.8963715551389076
611,TAAGGG,Gs,telomeric,8,1.8081328111193733
612,TCAGGG,canonical,interstitial,8,0.9784793683277284
613,TCAGGG,canonical,other,8,7.012789225498513
614,TCAGGG,canonical,telomeric,8,1.7448326175188524
615,TGAGGG,canonical,interstitial,8,1.1942537576091967
616,TGAGGG,canonical,other,8,1.168798204249752
617,TGAGGG,canonical,telomeric,8,1.7788346123171146
618,TTAAGG,other,interstitial,8,1.1592266084005733
619,TTAAGG,other,other,8,0.7155907372957666
620,TTAAGG,other,telomeric,8,1.5867414774625161
621,TTACGG,other,interstitial,8,1.3513015783352613
622,TTACGG,other,other,8,
623,TTACGG,other,telomeric,8,1.8329354097283252
624,TTAGAG,other,interstitial,8,1.013676599261767
625,TTAGAG,other,other,8,
626,TTAGAG,other,telomeric,8,2.056968132067815
627,TTAGCG,other,interstitial,8,1.1827124685860586
628,TTAGCG,other,other,8,
629,TTAGCG,other,telomeric,8,1.957626820523883
630,TTAGGA,other,interstitial,8,0.9332283195945646
631,TTAGGA,other,other,8,0.751370274160555
632,TTAGGA,other,telomeric,8,1.8802618786422491
633,TTAGGC,other,interstitial,8,1.0145486453215533
634,TTAGGC,other,other,8,1.1449451796732266
635,TTAGGC,other,telomeric,8,1.8830637735134899
636,TTAGGG,canonical,interstitial,8,1.0835363291677031
637,TTAGGG,canonical,other,8,1.1183185475878028
638,TTAGGG,canonical,telomeric,8,1.9941640175092084
639,TTAGGG(G{1})TAGGG,regex,interstitial,8,1.6029232515425176
640,TTAGGG(G{1})TAGGG,regex,other,8,0.5009135161070366
641,TTAGGG(G{1})TAGGG,regex,telomeric,8,2.238729650032114
642,TTAGGG(G{1})[AC],regex,interstitial,8,1.1270554112408322
643,TTAGGG(G{1})[AC],regex,other,8,
644,TTAGGG(G{1})[AC],regex,telomeric,8,1.9813912414900559
645,TTAGGG(G{2})TAGGG,regex,interstitial,8,1.0018270322140734
646,TTAGGG(G{2})TAGGG,regex,telomeric,8,0.751370274160555
647,TTAGGG(G{2})[AC],regex,interstitial,8,1.944723062533201
648,TTAGGG(G{2})[AC],regex,telomeric,8,2.2129494054199443
649,TTAGGG(G{3})TAGGG,regex,telomeric,8,
650,TTAGGG(G{3})[AC],regex,interstitial,8,
651,TTAGGG(G{3})[AC],regex,telomeric,8,4.007308128856293
652,TTAGGG(G{4})[AC],regex,telomeric,8,0.2504567580535183
653,TTAGGG(G{5})[AC],regex,telomeric,8,1.0018270322140732
654,"TTAGGG(G{6,})TAGGG",regex,telomeric,8,2.3375964084995045
655,"TTAGGG(G{6,})[AC]",regex,interstitial,8,
656,"TTAGGG(G{6,})[AC]",regex,telomeric,8,2.7322555424020183
657,TTAGGT,other,interstitial,8,0.9519934405602002
658,TTAGGT,other,other,8,
659,TTAGGT,other,telomeric,8,2.0069688114190387
660,TTAGTG,other,interstitial,8,0.8658031032712142
661,TTAGTG,other,other,8,0.0
662,TTAGTG,other,telomeric,8,2.190631909845978
663,TTATGG,other,interstitial,8,1.260137834945228
664,TTATGG,other,other,8,1.0929022169608071
665,TTATGG,other,telomeric,8,1.9177799770669266
666,TTCGGG,Gs,interstitial,8,1.1431103316288784
667,TTCGGG,Gs,other,8,1.50274054832111
668,TTCGGG,Gs,telomeric,8,1.8994213951279617
669,TTGGGG,canonical,interstitial,8,1.0353329530239084
670,TTGGGG,canonical,other,8,1.1559542679393153
671,TTGGGG,canonical,telomeric,8,1.7632372847581386
672,TTTGGG,Gs,interstitial,8,1.0316355985024612
673,TTTGGG,Gs,other,8,1.0296555608866864
674,TTTGGG,Gs,telomeric,8,1.8738179973901241
675,ATAGGG,Gs,interstitial,9,1.0984781051662154
676,ATAGGG,Gs,other,9,0.5416528778236723
677,ATAGGG,Gs,telomeric,9,1.8195759754545788
678,CTAGGG,Gs,interstitial,9,1.1538334741139693
679,CTAGGG,Gs,other,9,1.9602675578380522
680,CTAGGG,Gs,telomeric,9,2.0773855396965435
681,GTAGGG,Gs,interstitial,9,0.9322994987995331
682,GTAGGG,Gs,other,9,1.1916363312120792
683,GTAGGG,Gs,telomeric,9,2.315152632583238
684,TAAGGG,Gs,interstitial,9,1.0212054257057772
685,TAAGGG,Gs,other,9,1.026289663244853
686,TAAGGG,Gs,telomeric,9,1.777674126003877
687,TCAGGG,canonical,interstitial,9,1.23708008960576
688,TCAGGG,canonical,other,9,6.499834533884068
689,TCAGGG,canonical,telomeric,9,1.8765738124324418
690,TGAGGG,canonical,interstitial,9,1.2596578554038893
691,TGAGGG,canonical,other,9,0.7222038370982297
692,TGAGGG,canonical,telomeric,9,2.024738096561347
693,TTAAGG,other,interstitial,9,0.9407049980037453
694,TTAAGG,other,other,9,1.6249586334710169
695,TTAAGG,other,telomeric,9,1.5363549219751693
696,TTACGG,other,interstitial,9,1.0077262843231112
697,TTACGG,other,other,9,
698,TTACGG,other,telomeric,9,1.7942532985264625
699,TTAGAG,other,interstitial,9,1.018074441328795
700,TTAGAG,other,other,9,
701,TTAGAG,other,telomeric,9,2.135635334008506
702,TTAGCG,other,interstitial,9,1.0532139291015847
703,TTAGCG,other,other,9,
704,TTAGCG,other,telomeric,9,1.8220998079672834
705,TTAGGA,other,interstitial,9,0.9009518624000027
706,TTAGGA,other,other,9,0.8124793167355085
707,TTAGGA,other,telomeric,9,1.84892653896409
708,TTAGGC,other,interstitial,9,0.8735227362997635
709,TTAGGC,other,other,9,1.3928216858323004
710,TTAGGC,other,telomeric,9,1.857573229150143
711,TTAGGG,canonical,interstitial,9,0.9865477282701546
712,TTAGGG,canonical,other,9,1.5115894264846672
713,TTAGGG,canonical,telomeric,9,2.0346441215737645
714,TTAGGG(G{1})TAGGG,regex,interstitial,9,1.0833057556473449
715,TTAGGG(G{1})TAGGG,regex,other,9,1.0833057556473447
716,TTAGGG(G{1})TAGGG,regex,telomeric,9,2.5142229282808124
717,TTAGGG(G{1})[AC],regex,interstitial,9,0.9188754177365869
718,TTAGGG(G{1})[AC],regex,other,9,
719,TTAGGG(G{1})[AC],regex,telomeric,9,2.1329086655634386
720,TTAGGG(G{2})TAGGG,regex,interstitial,9,0.36110191854911494
721,TTAGGG(G{2})TAGGG,regex,telomeric,9,2.1666115112946893
722,TTAGGG(G{2})[AC],regex,interstitial,9,1.1470296236266002
723,TTAGGG(G{2})[AC],regex,telomeric,9,2.383876175379951
724,TTAGGG(G{3})TAGGG,regex,telomeric,9,
725,TTAGGG(G{3})[AC],regex,interstitial,9,
726,TTAGGG(G{3})[AC],regex,telomeric,9,3.249917266942034
727,TTAGGG(G{4})[AC],regex,telomeric,9,0.27082643891183616
728,TTAGGG(G{5})[AC],regex,telomeric,9,0.27082643891183616
729,"TTAGGG(G{6,})TAGGG",regex,telomeric,9,2.1666115112946898
730,"TTAGGG(G{6,})[AC]",regex,interstitial,9,
731,"TTAGGG(G{6,})[AC]",regex,telomeric,9,2.7575055598296054
732,TTAGGT,other,interstitial,9,0.9142134335823222
733,TTAGGT,other,other,9,
734,TTAGGT,other,telomeric,9,1.8300423799768806
735,TTAGTG,other,interstitial,9,0.8474999769396252
736,TTAGTG,other,other,9,0.0
737,TTAGTG,other,telomeric,9,2.126003574906488
738,TTATGG,other,interstitial,9,1.0191378189016829
739,TTATGG,other,other,9,1.1817880970698305
740,TTATGG,other,telomeric,9,1.762853722393941
741,TTCGGG,Gs,interstitial,9,0.9907155201219311
742,TTCGGG,Gs,other,9,2.256886990931968
743,TTCGGG,Gs,telomeric,9,2.1392920530037474
744,TTGGGG,canonical,interstitial,9,0.9915206526047607
745,TTGGGG,canonical,other,9,2.124945905308253
746,TTGGGG,canonical,telomeric,9,1.7311765867603828
747,TTTGGG,Gs,interstitial,9,1.0538757157138459
748,TTTGGG,Gs,other,9,1.0231221025558255
749,TTTGGG,Gs,telomeric,9,1.861667853279654
750,ATAGGG,Gs,interstitial,10,1.3577412867246044
751,ATAGGG,Gs,other,10,1.7820354388260433
752,ATAGGG,Gs,telomeric,10,1.8780118444143827
753,CTAGGG,Gs,interstitial,10,1.0696853350244875
754,CTAGGG,Gs,other,10,2.630623743028921
755,CTAGGG,Gs,telomeric,10,2.309447700720963
756,GTAGGG,Gs,interstitial,10,1.2006238764615873
757,GTAGGG,Gs,other,10,1.1583230352369283
758,GTAGGG,Gs,telomeric,10,2.499717520482873
759,TAAGGG,Gs,interstitial,10,1.0650593970903
760,TAAGGG,Gs,other,10,1.9696181165972058
761,TAAGGG,Gs,telomeric,10,1.9929783163371615
762,TCAGGG,canonical,interstitial,10,1.055881167496505
763,TCAGGG,canonical,other,10,25.83951386297763
764,TCAGGG,canonical,telomeric,10,2.169135049744094
765,TGAGGG,canonical,interstitial,10,1.2586296811691262
766,TGAGGG,canonical,other,10,2.747304634856816
767,TGAGGG,canonical,telomeric,10,2.1844172250361855
768,TTAAGG,other,interstitial,10,0.9288528667341692
769,TTAAGG,other,other,10,2.1639001757173384
770,TTAAGG,other,telomeric,10,1.7398679335863325
771,TTACGG,other,interstitial,10,1.3261659079635668
772,TTACGG,other,other,10,0.8910177194130217
773,TTACGG,other,telomeric,10,2.20199142129253
774,TTAGAG,other,interstitial,10,0.8565267109196145
775,TTAGAG,other,other,10,
776,TTAGAG,other,telomeric,10,2.6482830071831036
777,TTAGCG,other,interstitial,10,1.0147701804426075
778,TTAGCG,other,other,10,
779,TTAGCG,other,telomeric,10,1.9582647498992607
780,TTAGGA,other,interstitial,10,0.8528857200087556
781,TTAGGA,other,other,10,2.6730531582390653
782,TTAGGA,other,telomeric,10,2.126292284962893
783,TTAGGC,other,interstitial,10,0.9560761560685758
784,TTAGGC,other,other,10,2.5457649126086332
785,TTAGGC,other,telomeric,10,1.9570567765678868
786,TTAGGG,canonical,interstitial,10,1.0824719922345913
787,TTAGGG,canonical,other,10,2.52800376205555
788,TTAGGG,canonical,telomeric,10,2.1422325244502827
789,TTAGGG(G{1})TAGGG,regex,interstitial,10,1.683033470002375
790,TTAGGG(G{1})TAGGG,regex,other,10,0.44550885970651083
791,TTAGGG(G{1})TAGGG,regex,telomeric,10,2.534886132147895
792,TTAGGG(G{1})[AC],regex,interstitial,10,1.145594210673885
793,TTAGGG(G{1})[AC],regex,other,10,
794,TTAGGG(G{1})[AC],regex,telomeric,10,2.138442526591252
795,TTAGGG(G{2})TAGGG,regex,interstitial,10,0.8910177194130218
796,TTAGGG(G{2})TAGGG,regex,telomeric,10,0.8910177194130217
797,TTAGGG(G{2})[AC],regex,interstitial,10,1.3103201756073848
798,TTAGGG(G{2})[AC],regex,telomeric,10,2.4744976775899237
799,TTAGGG(G{3})TAGGG,regex,telomeric,10,
800,TTAGGG(G{3})[AC],regex,interstitial,10,
801,TTAGGG(G{3})[AC],regex,telomeric,10,2.227544298532554
802,TTAGGG(G{4})[AC],regex,telomeric,10,0.6682632895597663
803,TTAGGG(G{5})[AC],regex,telomeric,10,0.44550885970651083
804,"TTAGGG(G{6,})TAGGG",regex,telomeric,10,2.6730531582390653
805,"TTAGGG(G{6,})[AC]",regex,interstitial,10,
806,"TTAGGG(G{6,})[AC]",regex,telomeric,10,3.402067655940629
807,TTAGGT,other,interstitial,10,1.002585975874687
808,TTAGGT,other,other,10,
809,TTAGGT,other,telomeric,10,2.5416656330537544
810,TTAGTG,other,interstitial,10,0.9659092949671336
811,TTAGTG,other,other,10,1.7820354388260433
812,TTAGTG,other,telomeric,10,2.6802019259471
813,TTATGG,other,interstitial,10,1.328765100727433
814,TTATGG,other,other,10,3.078061212517711
815,TTATGG,other,telomeric,10,2.0928162057335133
816,TTCGGG,Gs,interstitial,10,1.237524610295864
817,TTCGGG,Gs,other,10,2.747304634856817
818,TTCGGG,Gs,telomeric,10,2.12134709094062
819,TTGGGG,canonical,interstitial,10,1.1403437479221288
820,TTGGGG,canonical,other,10,2.638783245953949
821,TTGGGG,canonical,telomeric,10,2.366071972135771
822,TTTGGG,Gs,interstitial,10,1.221835423774648
823,TTTGGG,Gs,other,10,2.1037918375029676
824,TTTGGG,Gs,telomeric,10,1.9393207058459196
825,ATAGGG,Gs,interstitial,11,1.0962829319841472
826,ATAGGG,Gs,other,11,1.4318524636036847
827,ATAGGG,Gs,telomeric,11,1.8684598667779349
828,CTAGGG,Gs,interstitial,11,1.1857528214218016
829,CTAGGG,Gs,other,11,0.954568309069123
830,CTAGGG,Gs,telomeric,11,2.466454036812495
831,GTAGGG,Gs,interstitial,11,1.0664167170004544
832,GTAGGG,Gs,other,11,1.2409388017898602
833,GTAGGG,Gs,telomeric,11,2.7303619089935363
834,TAAGGG,Gs,interstitial,11,0.9707817835331419
835,TAAGGG,Gs,other,11,3.86851367359592
836,TAAGGG,Gs,telomeric,11,1.9648810884179195
837,TCAGGG,canonical,interstitial,11,1.1669193100272965
838,TCAGGG,canonical,other,11,15.27309294510597
839,TCAGGG,canonical,telomeric,11,2.2094976096753154
840,TGAGGG,canonical,interstitial,11,1.1033855906724916
841,TGAGGG,canonical,other,11,1.5909471817818717
842,TGAGGG,canonical,telomeric,11,2.4522988078980514
843,TTAAGG,other,interstitial,11,0.9606483619931304
844,TTAAGG,other,other,11,2.863704927207369
845,TTAAGG,other,telomeric,11,1.7480777676368717
846,TTACGG,other,interstitial,11,1.3541550430980587
847,TTACGG,other,other,11,1.9091366181382463
848,TTACGG,other,telomeric,11,2.0095130862157555
849,TTAGAG,other,interstitial,11,0.9966514280710951
850,TTAGAG,other,other,11,
851,TTAGAG,other,telomeric,11,2.6582339091313303
852,TTAGCG,other,interstitial,11,0.861763056798514
853,TTAGCG,other,other,11,
854,TTAGCG,other,telomeric,11,1.9063372975837913
855,TTAGGA,other,interstitial,11,0.8020552554090061
856,TTAGGA,other,other,11,2.8637049272073694
857,TTAGGA,other,telomeric,11,2.082694492514451
858,TTAGGC,other,interstitial,11,0.8424444124483056
859,TTAGGC,other,other,11,1.5000359142514792
860,TTAGGC,other,telomeric,11,1.8062301139198158
861,TTAGGG,canonical,interstitial,11,1.0514637624276464
862,TTAGGG,canonical,other,11,2.4530185616776303
863,TTAGGG,canonical,telomeric,11,2.1853823038150724
864,TTAGGG(G{1})TAGGG,regex,interstitial,11,1.177300914518586
865,TTAGGG(G{1})TAGGG,regex,other,11,0.9545683090691232
866,TTAGGG(G{1})TAGGG,regex,telomeric,11,2.853934524862752
867,TTAGGG(G{1})[AC],regex,interstitial,11,1.2187791803293269
868,TTAGGG(G{1})[AC],regex,other,11,
869,TTAGGG(G{1})[AC],regex,telomeric,11,2.33763172576483
870,TTAGGG(G{2})TAGGG,regex,interstitial,11,0.3181894363563744
871,TTAGGG(G{2})TAGGG,regex,telomeric,11,1.6704945408709653
872,TTAGGG(G{2})[AC],regex,interstitial,11,2.0775898491504443
873,TTAGGG(G{2})[AC],regex,telomeric,11,3.0391965940557317
874,TTAGGG(G{3})TAGGG,regex,telomeric,11,
875,TTAGGG(G{3})[AC],regex,interstitial,11,
876,TTAGGG(G{3})[AC],regex,telomeric,11,0.0
877,TTAGGG(G{4})[AC],regex,telomeric,11,1.1932103863364039
878,TTAGGG(G{5})[AC],regex,telomeric,11,1.1932103863364039
879,"TTAGGG(G{6,})TAGGG",regex,telomeric,11,3.340989081741931
880,"TTAGGG(G{6,})[AC]",regex,interstitial,11,
881,"TTAGGG(G{6,})[AC]",regex,telomeric,11,2.6901470528311657
882,TTAGGT,other,interstitial,11,0.85469066438093
883,TTAGGT,other,other,11,
884,TTAGGT,other,telomeric,11,2.3692075909663113
885,TTAGTG,other,interstitial,11,1.0162860876727295
886,TTAGTG,other,other,11,3.8182732362764926
887,TTAGTG,other,telomeric,11,2.527603472074127
888,TTATGG,other,interstitial,11,1.2040199577805666
889,TTATGG,other,other,11,3.2108206759597775
890,TTATGG,other,telomeric,11,1.9608761833928865
891,TTCGGG,Gs,interstitial,11,1.1544565447288975
892,TTCGGG,Gs,other,11,2.227326054494621
893,TTCGGG,Gs,telomeric,11,2.302286663059631
894,TTGGGG,canonical,interstitial,11,1.0067130661977595
895,TTGGGG,canonical,other,11,1.358424132136829
896,TTGGGG,canonical,telomeric,11,2.2765368259354357
897,TTTGGG,Gs,interstitial,11,1.0842315334575543
898,TTTGGG,Gs,other,11,1.5379156090558093
899,TTTGGG,Gs,telomeric,11,1.9559668226846634
900,ATAGGG,Gs,interstitial,12,1.7161539488881514
901,ATAGGG,Gs,other,12,0.030742359688387615
902,ATAGGG,Gs,telomeric,12,1.8772983670280228
903,CTAGGG,Gs,interstitial,12,0.9256420154738539
904,CTAGGG,Gs,other,12,0.3176710501133387
905,CTAGGG,Gs,telomeric,12,1.8557113652149737
906,GTAGGG,Gs,interstitial,12,0.956459852511228
907,GTAGGG,Gs,other,12,0.23825328758500403
908,GTAGGG,Gs,telomeric,12,1.9793426257919577
909,TAAGGG,Gs,interstitial,12,1.1286837771308027
910,TAAGGG,Gs,other,12,0.7364192525354669
911,TAAGGG,Gs,telomeric,12,1.8230889096563838
912,TCAGGG,canonical,interstitial,12,1.0084293702526719
913,TCAGGG,canonical,other,12,1.1118486753966854
914,TCAGGG,canonical,telomeric,12,1.4613640288324423
915,TGAGGG,canonical,interstitial,12,1.1130550211566095
916,TGAGGG,canonical,other,12,1.1118486753966854
917,TGAGGG,canonical,telomeric,12,1.5985018209706636
918,TTAAGG,other,interstitial,12,1.1340440326098449
919,TTAAGG,other,other,12,0.953013150340016
920,TTAAGG,other,telomeric,12,1.508651665756766
921,TTACGG,other,interstitial,12,1.2706842004533543
922,TTACGG,other,other,12,
923,TTACGG,other,telomeric,12,1.9704856213230395
924,TTAGAG,other,interstitial,12,0.9942188187028325
925,TTAGAG,other,other,12,
926,TTAGAG,other,telomeric,12,2.0912894682758414
927,TTAGCG,other,interstitial,12,1.0800815703853515
928,TTAGCG,other,other,12,
929,TTAGCG,other,telomeric,12,2.1730874002239835
930,TTAGGA,other,interstitial,12,1.011898515726879
931,TTAGGA,other,other,12,0.5718078902040096
932,TTAGGA,other,telomeric,12,2.0416013931970216
933,TTAGGC,other,interstitial,12,1.138618707709607
934,TTAGGC,other,other,12,0.6353421002266774
935,TTAGGC,other,telomeric,12,2.0947125856661457
936,TTAGGG,canonical,interstitial,12,1.0499388584849934
937,TTAGGG,canonical,other,12,0.7037635571741657
938,TTAGGG,canonical,telomeric,12,1.930597444904797
939,TTAGGG(G{1})TAGGG,regex,interstitial,12,1.2946593740468137
940,TTAGGG(G{1})TAGGG,regex,other,12,0.9530131503400162
941,TTAGGG(G{1})TAGGG,regex,telomeric,12,1.9968003459499428
942,TTAGGG(G{1})[AC],regex,interstitial,12,0.9762573735190406
943,TTAGGG(G{1})[AC],regex,other,12,
944,TTAGGG(G{1})[AC],regex,telomeric,12,1.820132411593593
945,TTAGGG(G{2})TAGGG,regex,interstitial,12,
946,TTAGGG(G{2})TAGGG,regex,telomeric,12,1.4295197255100243
947,TTAGGG(G{2})[AC],regex,interstitial,12,1.8499667036012077
948,TTAGGG(G{2})[AC],regex,telomeric,12,2.105123755486442
949,TTAGGG(G{3})TAGGG,regex,telomeric,12,
950,TTAGGG(G{3})[AC],regex,interstitial,12,
951,TTAGGG(G{3})[AC],regex,telomeric,12,1.2706842004533547
952,TTAGGG(G{4})[AC],regex,telomeric,12,0.9530131503400162
953,TTAGGG(G{5})[AC],regex,telomeric,12,1.9060263006800324
954,"TTAGGG(G{6,})TAGGG",regex,telomeric,12,6.671092052380113
955,"TTAGGG(G{6,})[AC]",regex,interstitial,12,
956,"TTAGGG(G{6,})[AC]",regex,telomeric,12,4.765065751700081
957,TTAGGT,other,interstitial,12,1.1403224304284427
958,TTAGGT,other,other,12,0.9530131503400162
959,TTAGGT,other,telomeric,12,2.1268621283666365
960,TTAGTG,other,interstitial,12,0.8785247661755093
961,TTAGTG,other,other,12,0.0
962,TTAGTG,other,telomeric,12,2.2816595081225186
963,TTATGG,other,interstitial,12,1.5781548040034206
964,TTATGG,other,other,12,1.2706842004533547
965,TTATGG,other,telomeric,12,2.044609500522813
966,TTCGGG,Gs,interstitial,12,1.2596757977266542
967,TTCGGG,Gs,other,12,1.3195566697015608
968,TTCGGG,Gs,telomeric,12,1.7234412839643396
969,TTGGGG,canonical,interstitial,12,1.0906706053891293
970,TTGGGG,canonical,other,12,0.8934498284437651
971,TTGGGG,canonical,telomeric,12,1.8001975147992513
972,TTTGGG,Gs,interstitial,12,0.9614682733468353
973,TTTGGG,Gs,other,12,1.6027948437536634
974,TTTGGG,Gs,telomeric,12,1.9228721060050205
975,ATAGGG,Gs,interstitial,13,1.4293061457715157
976,ATAGGG,Gs,other,13,0.033242639818781464
977,ATAGGG,Gs,telomeric,13,1.872138653732793
978,CTAGGG,Gs,interstitial,13,1.100478930188852
979,CTAGGG,Gs,other,13,1.6316595711051902
980,CTAGGG,Gs,telomeric,13,1.9538356696294212
981,GTAGGG,Gs,interstitial,13,0.793855879650684
982,GTAGGG,Gs,other,13,0.9446450148503733
983,GTAGGG,Gs,telomeric,13,2.1373230685024844
984,TAAGGG,Gs,interstitial,13,1.0542665771099267
985,TAAGGG,Gs,other,13,0.8431542281309117
986,TAAGGG,Gs,telomeric,13,1.7923782833709174
987,TCAGGG,canonical,interstitial,13,1.2749455288416665
988,TCAGGG,canonical,other,13,1.0305218343822256
989,TCAGGG,canonical,telomeric,13,1.5717023165450419
990,TGAGGG,canonical,interstitial,13,1.174012216384814
991,TGAGGG,canonical,other,13,0.687014556254817
992,TGAGGG,canonical,telomeric,13,1.8194763649927261
993,TTAAGG,other,interstitial,13,0.9202694983893674
994,TTAAGG,other,other,13,2.1640958522026734
995,TTAAGG,other,telomeric,13,1.460744831563905
996,TTACGG,other,interstitial,13,0.9476062844894024
997,TTACGG,other,other,13,
998,TTACGG,other,telomeric,13,1.9289006622889473
999,TTAGAG,other,interstitial,13,0.998532243071025
1000,TTAGAG,other,other,13,
1001,TTAGAG,other,telomeric,13,2.1712692639530418
1002,TTAGCG,other,interstitial,13,0.9618203787567434
1003,TTAGCG,other,other,13,0.5152609171911128
1004,TTAGCG,other,telomeric,13,2.0226439958483073
1005,TTAGGA,other,interstitial,13,0.9769011860891665
1006,TTAGGA,other,other,13,0.6183131006293352
1007,TTAGGA,other,telomeric,13,2.007577263968051
1008,TTAGGC,other,interstitial,13,0.9803466139815925
1009,TTAGGC,other,other,13,0.7728913757866691
1010,TTAGGC,other,telomeric,13,2.0663570063998327
1011,TTAGGG,canonical,interstitial,13,0.9559576063836919
1012,TTAGGG,canonical,other,13,0.9512509240451312
1013,TTAGGG,canonical,telomeric,13,1.9697871929848598
1014,TTAGGG(G{1})TAGGG,regex,interstitial,13,0.8749713688150967
1015,TTAGGG(G{1})TAGGG,regex,other,13,2.061043668764451
1016,TTAGGG(G{1})TAGGG,regex,telomeric,13,2.2425223219402075
1017,TTAGGG(G{1})[AC],regex,interstitial,13,0.7959314981000927
1018,TTAGGG(G{1})[AC],regex,other,13,
1019,TTAGGG(G{1})[AC],regex,telomeric,13,1.959318337473502
1020,TTAGGG(G{2})TAGGG,regex,interstitial,13,
1021,TTAGGG(G{2})TAGGG,regex,telomeric,13,4.122087337528902
1022,TTAGGG(G{2})[AC],regex,interstitial,13,1.0911407658164738
1023,TTAGGG(G{2})[AC],regex,telomeric,13,2.2677221425124183
1024,TTAGGG(G{3})TAGGG,regex,telomeric,13,
1025,TTAGGG(G{3})[AC],regex,interstitial,13,
1026,TTAGGG(G{3})[AC],regex,telomeric,13,1.0305218343822256
1027,TTAGGG(G{4})[AC],regex,telomeric,13,1.0305218343822256
1028,TTAGGG(G{5})[AC],regex,telomeric,13,0.5152609171911128
1029,"TTAGGG(G{6,})TAGGG",regex,telomeric,13,6.183131006293354
1030,"TTAGGG(G{6,})[AC]",regex,interstitial,13,
1031,"TTAGGG(G{6,})[AC]",regex,telomeric,13,4.809101893783719
1032,TTAGGT,other,interstitial,13,1.095068558350011
1033,TTAGGT,other,other,13,0.0
1034,TTAGGT,other,telomeric,13,1.9393663763647313
1035,TTAGTG,other,interstitial,13,0.8599527031741331
1036,TTAGTG,other,other,13,0.0
1037,TTAGTG,other,telomeric,13,2.214345664000171
1038,TTATGG,other,interstitial,13,1.2763343820330308
1039,TTATGG,other,other,13,1.374029112509634
1040,TTATGG,other,telomeric,13,1.8794374286622726
1041,TTCGGG,Gs,interstitial,13,1.0917409532564168
1042,TTCGGG,Gs,other,13,1.9817727584273568
1043,TTCGGG,Gs,telomeric,13,1.9410880871725158
1044,TTGGGG,canonical,interstitial,13,1.044516575342972
1045,TTGGGG,canonical,other,13,1.6423941735466716
1046,TTGGGG,canonical,telomeric,13,1.7674647740857934
1047,TTTGGG,Gs,interstitial,13,0.9821957154061256
1048,TTTGGG,Gs,other,13,1.5926246531361665
1049,TTTGGG,Gs,telomeric,13,1.9104038869856146
1050,ATAGGG,Gs,interstitial,14,1.766651475670112
1051,ATAGGG,Gs,other,14,0.10936812977938788
1052,ATAGGG,Gs,telomeric,14,1.9322625784932208
1053,CTAGGG,Gs,interstitial,14,1.0202218946979327
1054,CTAGGG,Gs,other,14,2.1896410982914953
1055,CTAGGG,Gs,telomeric,14,2.1720962279690297
1056,GTAGGG,Gs,interstitial,14,1.022334909334722
1057,GTAGGG,Gs,other,14,0.9182365896061109
1058,GTAGGG,Gs,telomeric,14,2.307711312885021
1059,TAAGGG,Gs,interstitial,14,1.0995403047463463
1060,TAAGGG,Gs,other,14,1.6181511928723071
1061,TAAGGG,Gs,telomeric,14,2.0094633775549884
1062,TCAGGG,canonical,interstitial,14,1.0882003394920048
1063,TCAGGG,canonical,other,14,4.096747861319572
1064,TCAGGG,canonical,telomeric,14,1.816733538534644
1065,TGAGGG,canonical,interstitial,14,1.173053948941789
1066,TGAGGG,canonical,other,14,2.613442601186623
1067,TGAGGG,canonical,telomeric,14,1.9629677136940828
1068,TTAAGG,other,interstitial,14,0.9086748380851876
1069,TTAAGG,other,other,14,2.8818502196868705
1070,TTAAGG,other,telomeric,14,1.6542421645140426
1071,TTACGG,other,interstitial,14,1.24704810047302
1072,TTACGG,other,other,14,
1073,TTACGG,other,telomeric,14,2.3672369527613264
1074,TTAGAG,other,interstitial,14,0.8400854625016504
1075,TTAGAG,other,other,14,
1076,TTAGAG,other,telomeric,14,2.692470668647826
1077,TTAGCG,other,interstitial,14,0.926712619664013
1078,TTAGCG,other,other,14,0.8476030057902562
1079,TTAGCG,other,telomeric,14,2.173795541465885
1080,TTAGGA,other,interstitial,14,0.924783116886605
1081,TTAGGA,other,other,14,2.034247213896615
1082,TTAGGA,other,telomeric,14,2.3087429153533754
1083,TTAGGC,other,interstitial,14,1.0729955653824217
1084,TTAGGC,other,other,14,1.4126716763170937
1085,TTAGGC,other,telomeric,14,2.177022105359196
1086,TTAGGG,canonical,interstitial,14,1.0489075237022887
1087,TTAGGG,canonical,other,14,1.590885641637096
1088,TTAGGG,canonical,telomeric,14,2.073946075539682
1089,TTAGGG(G{1})TAGGG,regex,interstitial,14,1.359363311173052
1090,TTAGGG(G{1})TAGGG,regex,other,14,0.8476030057902562
1091,TTAGGG(G{1})TAGGG,regex,telomeric,14,2.2609525475950263
1092,TTAGGG(G{1})[AC],regex,interstitial,14,0.9923157140959096
1093,TTAGGG(G{1})[AC],regex,other,14,
1094,TTAGGG(G{1})[AC],regex,telomeric,14,1.9644018159945853
1095,TTAGGG(G{2})TAGGG,regex,interstitial,14,
1096,TTAGGG(G{2})TAGGG,regex,telomeric,14,1.6952060115805123
1097,TTAGGG(G{2})[AC],regex,interstitial,14,1.2464750085150824
1098,TTAGGG(G{2})[AC],regex,telomeric,14,2.353928124715558
1099,TTAGGG(G{3})TAGGG,regex,telomeric,14,
1100,TTAGGG(G{3})[AC],regex,interstitial,14,
1101,TTAGGG(G{3})[AC],regex,telomeric,14,0.7063358381585467
1102,TTAGGG(G{4})[AC],regex,telomeric,14,2.542809017370769
1103,TTAGGG(G{5})[AC],regex,telomeric,14,0.8476030057902562
1104,"TTAGGG(G{6,})TAGGG",regex,telomeric,14,7.628427052112306
1105,"TTAGGG(G{6,})[AC]",regex,interstitial,14,
1106,"TTAGGG(G{6,})[AC]",regex,telomeric,14,5.9332210405317936
1107,TTAGGT,other,interstitial,14,1.2009234812060652
1108,TTAGGT,other,other,14,3.3904120231610246
1109,TTAGGT,other,telomeric,14,2.6935009389064
1110,TTAGTG,other,interstitial,14,0.980101866465515
1111,TTAGTG,other,other,14,1.6952060115805123
1112,TTAGTG,other,telomeric,14,2.791572687560939
1113,TTATGG,other,interstitial,14,1.6641013141203191
1114,TTATGG,other,other,14,3.5787682466699704
1115,TTATGG,other,telomeric,14,2.2312214895658586
1116,TTCGGG,Gs,interstitial,14,1.363717707335808
1117,TTCGGG,Gs,other,14,2.412408554941498
1118,TTCGGG,Gs,telomeric,14,1.924805713741272
1119,TTGGGG,canonical,interstitial,14,1.2012941366014993
1120,TTGGGG,canonical,other,14,2.039544732682804
1121,TTGGGG,canonical,telomeric,14,2.4156685665022306
1122,TTTGGG,Gs,interstitial,14,1.13873154136587
1123,TTTGGG,Gs,other,14,3.2748297950987166
1124,TTTGGG,Gs,telomeric,14,1.990089589844357
